{
    "Matérias_MaoNaMassa": {
        "name": "Mao na Massa",
        "courses": {
            "AcElec": {
                "name": "Projeto Final de Acionamentos Elétricos",
                "parte_1": "esse é o projeto final de acionamentos elétricos",
                "parte_2": "essa é a parte dois do portifólio de acionamentos elétricos"
            },

            "Desoft": {
                "name": "Projeto Final de Design de Software",
                "goals": [
                    "primeiro objetivo de Desoft",
                    "segundo objetivo de Desoft",
                    "terceiro objetivo de Desoft"
                ]
            },
            "Girafa": {
                "name": "Girafa do Job Rotation",
                "goals": [
                    "primeiro objetivo de Girafa",
                    "segundo objetivo de Girafa",
                    "terceiro objetivo de Girafa"

                ]
            },
            "Meteor": {
                "name": "Estação Metereológica",
                "goals": [
                    "primeiro objetivo de Meteor",
                    "segundo objetivo de Meteor",
                    "terceiro objetivo de Meteor"
                ]
            },
            "ModContrl": {
                "name": "Projeto Final de Modelagem e Controle",
                "goals": [
                    "primeiro objetivo de ModContrl",
                    "segundo objetivo de ModContrl",
                    "terceiro objetivo de ModContrl"
                ]

            }
        }
    },

    "materias_BusinessESocial":{
        "name": "Business e Social",
        "courses": {
            "Catadores": {
                "name": "Melhoria para Carroças dos Catadores",
                "goals": [
                    "primeiro objetivo de Catadores",
                    "segundo objetivo de Catadores",
                    "terceiro objetivo de Catadores"
                ]
            },
            "CoDes": {
                "name": "Projeto Final de Co-Design de Aplicativos",
                "goals": [
                    "primeiro objetivo de CoDes",
                    "segundo objetivo de CoDes",
                    "terceiro objetivo de CoDes"
                ]
            },
            "Dados": {
                "name": "Projeto Final de Ciência dos Dados",
                "goals": [
                    "primeiro objetivo de Dados",
                    "segundo objetivo de Dados",
                    "terceiro objetivo de Dados"
                ]
            },
            "GDE": {
                "name": "Cases de Grandes Desafios da Engenharia",
                "goals": [
                    "primeiro objetivo de GDE",
                    "segundo objetivo de GDE",
                    "terceiro objetivo de GDE"
                ]
            },
            "Inovacao": {
                "name": "Inovação Incremental para Empresa Existente",
                "goals": [
                    "primeiro objetivo de Inovação",
                    "segundo objetivo de Inovação",
                    "terceiro objetivo de Inovação"
                ]
            },


            "Startup": {
                "name": "Modelo de Negócio para Startup Nova",
                "goals": [
                    "primeiro objetivo de Startup",
                    "segundo objetivo de Startup",
                    "terceiro objetivo de Startup"
                ]
            }
        }
    },

    "materias_CompreensaoMF": {
        "name": "Compreensão do Mundo Físico",
        "courses": {
            "DescMat": {
                "name": "Projento Final de Desconstruíndo a Matéria",
                "goals": [
                    "primeiro objetivo de DescMat",
                    "segundo objetivo de DescMat",
                    "terceiro objetivo de DescMat"
                ]
            },
            "ModSim": {
                "name": "Projeto Final de Modelagem e Simulação do Mundo Físico",
                "goals": [
                    "primeiro objetivo de ModSim",
                    "segundo objetivo de ModSim",
                    "terceiro objetivo de ModSim"
                ]
            }
        }
    },

    "materias_MatAplicada":{
        "name": "Matemática Aplicada",
        "courses": {
            "MatMult": {
                "name": "Projeto Final de Matemática Multivariada",
                "goals": [
                    "primeiro objetivo de MatMult",
                    "segundo objetivo de MatMult",
                    "terceiro objetivo de MatMult"
                ]
            },
            "MatVar": {
                "name": "Projeto Final de Matemática da Variação",
                "goals": [
                    "primeiro objetivo de MatVar",
                    "segundo objetivo de MatVar",
                    "terceiro objetivo de MatVar"
                ]
            }
        }
    }
}
